-- phpMyAdmin SQL Dump
-- version 4.7.3
-- https://www.phpmyadmin.net/
--
-- Хост: localhost:8889
-- Время создания: Ноя 13 2017 г., 15:21
-- Версия сервера: 5.6.35
-- Версия PHP: 7.1.8

SET SQL_MODE = "NO_AUTO_VALUE_ON_ZERO";
SET time_zone = "+00:00";

--
-- База данных: `id3374301_athena_db`
--

-- --------------------------------------------------------

--
-- Структура таблицы `chats`
--

CREATE TABLE `chats` (
  `n` int(6) NOT NULL,
  `idCH` varchar(6) NOT NULL,
  `chat_name` varchar(20) NOT NULL,
  `id` varchar(6) NOT NULL
) ENGINE=MyISAM DEFAULT CHARSET=utf8;

-- --------------------------------------------------------

--
-- Структура таблицы `courses`
--

CREATE TABLE `courses` (
  `n` int(6) NOT NULL,
  `idCO` varchar(13) NOT NULL,
  `name_course` varchar(20) NOT NULL,
  `idTU` varchar(13) NOT NULL,
  `idGR` varchar(13) NOT NULL,
  `date_exist_course` datetime NOT NULL,
  `sum_occup` int(3) NOT NULL
) ENGINE=MyISAM DEFAULT CHARSET=utf8;

--
-- Дамп данных таблицы `courses`
--

INSERT INTO `courses` (`n`, `idCO`, `name_course`, `idTU`, `idGR`, `date_exist_course`, `sum_occup`) VALUES
(1, '58436e1ba5007', 'Экономика (семинар)', '5843721b29aed', '5843566489b19', '0000-00-00 00:00:00', 0),
(2, '5843807c9cc12', 'Экономика (лекция)', '5843721b29aed', '5843566489b19', '0000-00-00 00:00:00', 0),
(37, '58438105f0674', 'ТАУ (лекция)', '58438154b471a', '5843566489b19', '0000-00-00 00:00:00', 0),
(38, '584381b6f35ae', 'ТАУ (практика)', '58438154b471a', '5843566489b19', '0000-00-00 00:00:00', 0),
(41, '5843826cb9486', 'Управление в организ', '584382547cc64', '5843566489b19', '0000-00-00 00:00:00', 0),
(42, '584382979dc11', 'Управление в организ', '584382547cc64', '5843566489b19', '0000-00-00 00:00:00', 0),
(43, '584382d75aaf3', 'Английский язык', '584382d14f98a', '5843566489b19', '0000-00-00 00:00:00', 0),
(44, '584382f41f414', 'СУД (лаб)', '584382edc2800', '5843566489b19', '0000-00-00 00:00:00', 0),
(45, '584382fe0b36b', 'СУД (лекция)', '584382edc2800', '5843566489b19', '0000-00-00 00:00:00', 0),
(46, '58438342368f6', 'Методы оптимизации (', '584383489a44f', '5843566489b19', '0000-00-00 00:00:00', 0),
(47, '58438717ea92c', 'Психология деловых и', '58438745ebab8', '5843566489b19', '0000-00-00 00:00:00', 0),
(48, '58438775dee84', 'Психология деловых и', '58438745ebab8', '5843566489b19', '0000-00-00 00:00:00', 0),
(49, '5843877c938d9', 'Технико-экономическо', '5843878e744cd', '5843566489b19', '0000-00-00 00:00:00', 0),
(50, '584387837336b', 'Технико-экономическо', '5843878e744cd', '5843566489b19', '0000-00-00 00:00:00', 0),
(51, '58438788ca323', 'Технико-экономическо', '5843878e744cd', '5843566489b19', '0000-00-00 00:00:00', 0),
(52, '5843883a11a44', 'ФВО', '584388435f199', '5843566489b19', '0000-00-00 00:00:00', 0),
(53, '5843887ebe722', 'Методы оптимизации (', '584383489a44f', '5843566489b19', '0000-00-00 00:00:00', 0),
(39, '58438945a8671', 'ТАУ (лаб)', '58438154b471a', '5843566489b19', '0000-00-00 00:00:00', 0),
(40, '584389b803c01', 'Методы оптимизации(л', '584382547cc64', '5843566489b19', '0000-00-00 00:00:00', 0);

-- --------------------------------------------------------

--
-- Структура таблицы `data`
--

CREATE TABLE `data` (
  `n` int(6) NOT NULL,
  `idDATA` varchar(6) NOT NULL,
  `nameDATA` varchar(30) NOT NULL,
  `url` text NOT NULL,
  `item_reg_date` timestamp NOT NULL DEFAULT CURRENT_TIMESTAMP
) ENGINE=MyISAM DEFAULT CHARSET=utf8;

-- --------------------------------------------------------

--
-- Структура таблицы `events`
--

CREATE TABLE `events` (
  `n` int(6) NOT NULL,
  `idEV` varchar(6) NOT NULL,
  `nameEVENT` varchar(20) NOT NULL,
  `text` text NOT NULL,
  `event_time` timestamp NOT NULL DEFAULT CURRENT_TIMESTAMP ON UPDATE CURRENT_TIMESTAMP
) ENGINE=MyISAM DEFAULT CHARSET=utf8;

-- --------------------------------------------------------

--
-- Структура таблицы `group`
--

CREATE TABLE `group` (
  `n` int(3) NOT NULL,
  `idGR` varchar(3) NOT NULL,
  `nameGR` varchar(20) NOT NULL,
  `time_ex` date NOT NULL,
  `idTU` varchar(6) NOT NULL
) ENGINE=MyISAM DEFAULT CHARSET=utf8;

-- --------------------------------------------------------

--
-- Структура таблицы `homework`
--

CREATE TABLE `homework` (
  `n` int(10) NOT NULL,
  `idHW` varchar(13) NOT NULL,
  `deadline` date NOT NULL,
  `idTU` varchar(13) NOT NULL,
  `idCO` varchar(13) NOT NULL,
  `idGR` varchar(13) NOT NULL,
  `theme` varchar(50) NOT NULL,
  `descr` text NOT NULL,
  `link` text NOT NULL
) ENGINE=MyISAM DEFAULT CHARSET=utf8;

--
-- Дамп данных таблицы `homework`
--

INSERT INTO `homework` (`n`, `idHW`, `deadline`, `idTU`, `idCO`, `idGR`, `theme`, `descr`, `link`) VALUES
(1, '584351a4ca721', '2016-12-21', '584382edc2800', '584382f41f414', '5843566489b19', 'Физические основы механики. Кинематика.', 'Катер, двигаясь вниз по реке, обогнал плот в пункте А. Через τ = 60 мин после этого он повернул обратно и затем встретил плот на расстоянии l = 6,0 км ниже пункта А. Найти скорость течения, если при движении в обоих направлениях мотор катера работал одинаково.', ''),
(2, '58454c5c413fe', '2016-12-25', '584382edc2800', '584382f41f414', '5843566489b19', 'Бла бла бла...', '', '../homework/58454c5c413fe/');

-- --------------------------------------------------------

--
-- Структура таблицы `journal`
--

CREATE TABLE `journal` (
  `n` int(6) DEFAULT NULL,
  `idST` varchar(13) NOT NULL,
  `idGR` varchar(13) NOT NULL,
  `idCO` varchar(13) NOT NULL,
  `date` date NOT NULL,
  `occup` tinyint(1) NOT NULL,
  `sum_points` int(3) NOT NULL,
  `descr` int(11) NOT NULL
) ENGINE=MyISAM DEFAULT CHARSET=utf8;

-- --------------------------------------------------------

--
-- Структура таблицы `messagehw`
--

CREATE TABLE `messagehw` (
  `n` int(100) NOT NULL,
  `sender` varchar(1) NOT NULL,
  `idST` varchar(13) NOT NULL,
  `idHW` varchar(13) NOT NULL,
  `message` text NOT NULL,
  `link` text NOT NULL
) ENGINE=MyISAM DEFAULT CHARSET=utf8;

--
-- Дамп данных таблицы `messagehw`
--

INSERT INTO `messagehw` (`n`, `sender`, `idST`, `idHW`, `message`, `link`) VALUES
(1, '0', '584318bc576da', '584351a4ca721', 'Здравствуйте, ниче не понял.', ''),
(2, '1', '584318bc576da', '584351a4ca721', 'Читай лучше.Читай лучше. Читай лучше.Читай лучше. Читай лучше. Читай лучше.Читай лучше.Читай лучше. Читай лучше.Читай лучше. Читай лучше. Читай лучше.Читай лучше.Читай лучше. Читай лучше.Читай лучше. Читай лучше. Читай лучше.', ''),
(3, '0', '584318bc576da', '584351a4ca721', 'Ок...', ''),
(4, '0', '584318bc576da', '584351a4ca721', 'Сейчас скину:', ''),
(5, '1', '584318bc576da', '584351a4ca721', 'Читай лучше.Читай лучше. Читай лучше.Читай лучше.Читай лучше.Читай лучше. Читай лучше.Читай лучше.Читай лучше.Читай лучше. Читай лучше.Читай лучше.', ''),
(6, '0', '584318bc576da', '584351a4ca721', 'Хорошо.... ((', ''),
(16, '1', '58431ca7a41f7', '584351a4ca721', 'чпарыпро', ''),
(17, '1', '584318bc576da', '58454c5c413fe', 'геаеананоа\r\n', ''),
(18, '1', '584318bc576da', '58454c5c413fe', 'нкыквннреоглнеп', ''),
(20, '0', '58431ca7a41f7', '584351a4ca721', 'sjkjl;l', ''),
(21, '0', '58431f183fc35', '584351a4ca721', 'SDFSDFSD', ''),
(22, '0', '58431f183fc35', '584351a4ca721', 'SDFSDFSD', ''),
(23, '0', '58431f183fc35', '584351a4ca721', 'SDFSDFaeEDFADF', ''),
(24, '0', '584318bc576da', '584351a4ca721', 'asdasd', '');

-- --------------------------------------------------------

--
-- Структура таблицы `mydata`
--

CREATE TABLE `mydata` (
  `n` int(6) NOT NULL,
  `idmydata` varchar(13) NOT NULL,
  `name_mydata` text NOT NULL,
  `link` int(50) NOT NULL,
  `mydata_regtime` timestamp NOT NULL DEFAULT '0000-00-00 00:00:00' ON UPDATE CURRENT_TIMESTAMP
) ENGINE=MyISAM DEFAULT CHARSET=utf8;

-- --------------------------------------------------------

--
-- Структура таблицы `schedule`
--

CREATE TABLE `schedule` (
  `n` int(6) NOT NULL,
  `id_group` int(6) NOT NULL,
  `year` int(4) NOT NULL,
  `semester` int(1) NOT NULL,
  `updown` int(1) NOT NULL,
  `mon` text NOT NULL,
  `tue` text NOT NULL,
  `Wed` text NOT NULL,
  `thu` text NOT NULL,
  `fri` text NOT NULL,
  `sat` text NOT NULL
) ENGINE=MyISAM DEFAULT CHARSET=utf8;

--
-- Дамп данных таблицы `schedule`
--

INSERT INTO `schedule` (`n`, `id_group`, `year`, `semester`, `updown`, `mon`, `tue`, `Wed`, `thu`, `fri`, `sat`) VALUES
(1, 112782, 2017, 5, 0, '2?Экономика(семинар) Таумян Ю.Р 502;3?Экономика (лекция) Таумян Ю.Р 514;4?ТАУ(лекция) А.В 507;5?ТАУ(практика) А.В 503;6?ТАУ(лаб) А.В 507;', '1?ФВО;', '3?Методы оптимизации(лекция) Граецкая О.В 514;4?Управление в организационных системах(лекция) Граецкая О.В 507;5?Управление в организационных системах(практика) Граецкая О.В 507;', '1?Английский язык Резникова 506;2?СУД(лаб)Корохова Е.В Чусова Ю.С 609а;3?СУД(лекция)Корохова Е.В 508;4?Методы оптимизации(лаб) Чусова Ю.С 606;', '2?Психология деловых и межличностных коммуникаций(лекция) Крутилева Л.Юм 514;3?Психология деловых и межличностных коммуникаций(практика) Крутилева Л.Юм 511;', '3?Технико-экономическое проектирование(практика) Корохов В.В 609;4?Технико-экономическое проектирование(практика) Корохов В.В 503;5?Технико-экономическое проектирование(лекция) Корохов В.В 510;'),
(2, 112782, 2017, 5, 1, '2?Экономика(семинар) Таумян Ю.Р 502;4?ТАУ(лекция) А.В 507;5?ТАУ(практика) А.В 503;', '1?ФВО;', '3?Методы оптимизации(лекция) Граецкая О.В 514;4?Управление в организационных системах(лекция) Граецкая О.В 507;5?Управление в организационных системах(практика) Граецкая О.В 507;', '1?Английский язык Резникова 506;2?Методы оптимизации(практика) Чусова Ю.С 609а;3?СУД(практика)Корохова Е.В 508;4?Методы оптимизации(лаб) Чусова Ю.С 606;', '', '4?Технико-экономическое проектирование(практика) Корохов В.В 503;');

-- --------------------------------------------------------

--
-- Структура таблицы `stats_student`
--

CREATE TABLE `stats_student` (
  `№` int(6) NOT NULL,
  `idST` varchar(13) NOT NULL,
  `idGR` varchar(13) NOT NULL,
  `idCO` varchar(13) NOT NULL,
  `sum_points` int(3) NOT NULL,
  `modules` int(3) NOT NULL,
  `missed_occup` int(3) NOT NULL
) ENGINE=MyISAM DEFAULT CHARSET=utf8;

-- --------------------------------------------------------

--
-- Структура таблицы `stats_tutor`
--

CREATE TABLE `stats_tutor` (
  `n` int(6) NOT NULL,
  `idTU` varchar(13) NOT NULL,
  `idGR` varchar(13) NOT NULL,
  `idCO` varchar(13) NOT NULL,
  `sum_occup` int(3) NOT NULL,
  `missed_occup` int(3) NOT NULL,
  `sum_points` int(3) NOT NULL
) ENGINE=MyISAM DEFAULT CHARSET=utf8;

-- --------------------------------------------------------

--
-- Структура таблицы `students`
--

CREATE TABLE `students` (
  `n` int(6) NOT NULL,
  `idST` varchar(6) NOT NULL,
  `f_name` varchar(20) NOT NULL,
  `s_name` varchar(20) NOT NULL,
  `l_name` varchar(20) NOT NULL,
  `phone` varchar(11) NOT NULL,
  `mail` varchar(20) NOT NULL,
  `date_reg` timestamp NOT NULL DEFAULT CURRENT_TIMESTAMP,
  `login` varchar(16) NOT NULL,
  `pass` varchar(16) NOT NULL,
  `id` varchar(6) NOT NULL
) ENGINE=MyISAM DEFAULT CHARSET=utf8;

-- --------------------------------------------------------

--
-- Структура таблицы `tutors`
--

CREATE TABLE `tutors` (
  `n` int(6) NOT NULL,
  `idTU` varchar(6) NOT NULL,
  `fname` varchar(20) NOT NULL,
  `sname` varchar(20) NOT NULL,
  `lname` varchar(20) NOT NULL,
  `phone` int(11) NOT NULL,
  `mail` varchar(20) NOT NULL,
  `idCO` varchar(6) NOT NULL,
  `idGR` varchar(6) NOT NULL,
  `id` varchar(6) NOT NULL,
  `login` varchar(16) NOT NULL,
  `pass` varchar(16) NOT NULL,
  `date_reg` timestamp NOT NULL DEFAULT CURRENT_TIMESTAMP
) ENGINE=MyISAM DEFAULT CHARSET=utf8;

-- --------------------------------------------------------

--
-- Структура таблицы `userlist`
--

CREATE TABLE `userlist` (
  `n` int(11) NOT NULL,
  `id` varchar(13) NOT NULL,
  `status` varchar(10) NOT NULL,
  `login` varchar(30) NOT NULL,
  `pass` varchar(20) NOT NULL,
  `first_name` varchar(30) NOT NULL,
  `last_name` varchar(30) NOT NULL,
  `middle_name` varchar(30) NOT NULL,
  `idGR` varchar(13) NOT NULL
) ENGINE=MyISAM DEFAULT CHARSET=utf8;

--
-- Дамп данных таблицы `userlist`
--

INSERT INTO `userlist` (`n`, `id`, `status`, `login`, `pass`, `first_name`, `last_name`, `middle_name`, `idGR`) VALUES
(2, '584318bc576da', '0', 'podgornyy@sfedu.ru', 'pass', 'Никита', 'Подгорный', 'Александрович', '5843566489b19'),
(1, '58431a5a795da', '1', 'issh@sfedu.ru', 'pass', 'Ирина', 'Шабаршина', 'Сергеевна', ''),
(3, '58431ca7a41f7', '0', 'namc0@ya.ru', 'pass', 'Бронислав', 'Бильский', 'Витальевич', '5843566489b19'),
(4, '58431ef20440b', '0', '', '', 'Саша', 'Арапова', '', '5843566489b19'),
(5, '58431f031ded3', '0', '', '', 'Айрат', 'Утюшов', 'Анварович', '5843566489b19'),
(6, '58431f0d0f413', '0', '', '', 'Александра', 'Гусакова', '', '5843566489b19'),
(7, '58431f183fc35', '0', 'avanesov@sfedu.ru', 'pass', 'Артем', 'Аванесов', 'Аркадиевич', '5843566489b19'),
(8, '58431f245f546', '0', '', '', 'Вячеслав', 'Зайченко', '', '5843566489b19'),
(9, '58431f2bd7979', '0', '', '', 'Дмитрий', 'Собенин', '', '5843566489b19'),
(10, '58431f33697dc', '0', '', '', 'Марина', 'Аливердиева', '', '5843566489b19'),
(11, '58431f3ae0e80', '0', '', '', 'Мария', 'Ракович', '', '5843566489b19'),
(12, '58431f43a1632', '0', '', '', 'Олеся', 'Смирнова', '', '5843566489b19'),
(13, '58431f77eeeab', '0', '', '', 'Артем', 'Огай', '', '5843566489b19'),
(14, '58431f835ff30', '0', '', '', 'Дима', 'Никель', '', '5843566489b19'),
(15, '58431f8f5e8cc', '0', '', '', 'Станислав', 'Куренков', '', '5843566489b19'),
(16, '5843721b29aed', '1', '', '', 'Имя', 'Танышев', 'Отчество', ''),
(17, '584382edc2800', '1', 'evk@sfedu.ru', 'pass', 'Елена', 'Корохова', 'Вячеславовна', '');

--
-- Индексы сохранённых таблиц
--

--
-- Индексы таблицы `chats`
--
ALTER TABLE `chats`
  ADD PRIMARY KEY (`idCH`),
  ADD UNIQUE KEY `№` (`n`);

--
-- Индексы таблицы `courses`
--
ALTER TABLE `courses`
  ADD PRIMARY KEY (`idCO`),
  ADD UNIQUE KEY `№` (`n`);

--
-- Индексы таблицы `data`
--
ALTER TABLE `data`
  ADD PRIMARY KEY (`idDATA`),
  ADD UNIQUE KEY `№` (`n`);

--
-- Индексы таблицы `events`
--
ALTER TABLE `events`
  ADD PRIMARY KEY (`idEV`),
  ADD UNIQUE KEY `№` (`n`);

--
-- Индексы таблицы `group`
--
ALTER TABLE `group`
  ADD PRIMARY KEY (`idGR`),
  ADD UNIQUE KEY `№` (`n`);

--
-- Индексы таблицы `homework`
--
ALTER TABLE `homework`
  ADD PRIMARY KEY (`idHW`),
  ADD UNIQUE KEY `n` (`n`);

--
-- Индексы таблицы `journal`
--
ALTER TABLE `journal`
  ADD PRIMARY KEY (`idST`),
  ADD UNIQUE KEY `№` (`n`);

--
-- Индексы таблицы `messagehw`
--
ALTER TABLE `messagehw`
  ADD PRIMARY KEY (`n`);

--
-- Индексы таблицы `mydata`
--
ALTER TABLE `mydata`
  ADD PRIMARY KEY (`idmydata`),
  ADD UNIQUE KEY `№` (`n`);

--
-- Индексы таблицы `schedule`
--
ALTER TABLE `schedule`
  ADD PRIMARY KEY (`n`);

--
-- Индексы таблицы `stats_student`
--
ALTER TABLE `stats_student`
  ADD PRIMARY KEY (`idST`),
  ADD UNIQUE KEY `№` (`№`);

--
-- Индексы таблицы `stats_tutor`
--
ALTER TABLE `stats_tutor`
  ADD PRIMARY KEY (`idTU`),
  ADD UNIQUE KEY `№` (`n`);

--
-- Индексы таблицы `students`
--
ALTER TABLE `students`
  ADD PRIMARY KEY (`idST`),
  ADD UNIQUE KEY `№` (`n`);

--
-- Индексы таблицы `tutors`
--
ALTER TABLE `tutors`
  ADD PRIMARY KEY (`idTU`),
  ADD UNIQUE KEY `№` (`n`);

--
-- Индексы таблицы `userlist`
--
ALTER TABLE `userlist`
  ADD PRIMARY KEY (`id`),
  ADD UNIQUE KEY `n` (`n`);

--
-- AUTO_INCREMENT для сохранённых таблиц
--

--
-- AUTO_INCREMENT для таблицы `chats`
--
ALTER TABLE `chats`
  MODIFY `n` int(6) NOT NULL AUTO_INCREMENT;
--
-- AUTO_INCREMENT для таблицы `courses`
--
ALTER TABLE `courses`
  MODIFY `n` int(6) NOT NULL AUTO_INCREMENT, AUTO_INCREMENT=54;
--
-- AUTO_INCREMENT для таблицы `data`
--
ALTER TABLE `data`
  MODIFY `n` int(6) NOT NULL AUTO_INCREMENT;
--
-- AUTO_INCREMENT для таблицы `events`
--
ALTER TABLE `events`
  MODIFY `n` int(6) NOT NULL AUTO_INCREMENT;
--
-- AUTO_INCREMENT для таблицы `group`
--
ALTER TABLE `group`
  MODIFY `n` int(3) NOT NULL AUTO_INCREMENT;
--
-- AUTO_INCREMENT для таблицы `homework`
--
ALTER TABLE `homework`
  MODIFY `n` int(10) NOT NULL AUTO_INCREMENT, AUTO_INCREMENT=3;
--
-- AUTO_INCREMENT для таблицы `messagehw`
--
ALTER TABLE `messagehw`
  MODIFY `n` int(100) NOT NULL AUTO_INCREMENT, AUTO_INCREMENT=25;
--
-- AUTO_INCREMENT для таблицы `mydata`
--
ALTER TABLE `mydata`
  MODIFY `n` int(6) NOT NULL AUTO_INCREMENT;
--
-- AUTO_INCREMENT для таблицы `schedule`
--
ALTER TABLE `schedule`
  MODIFY `n` int(6) NOT NULL AUTO_INCREMENT, AUTO_INCREMENT=3;
--
-- AUTO_INCREMENT для таблицы `stats_student`
--
ALTER TABLE `stats_student`
  MODIFY `№` int(6) NOT NULL AUTO_INCREMENT;
--
-- AUTO_INCREMENT для таблицы `stats_tutor`
--
ALTER TABLE `stats_tutor`
  MODIFY `n` int(6) NOT NULL AUTO_INCREMENT;
--
-- AUTO_INCREMENT для таблицы `students`
--
ALTER TABLE `students`
  MODIFY `n` int(6) NOT NULL AUTO_INCREMENT;
--
-- AUTO_INCREMENT для таблицы `tutors`
--
ALTER TABLE `tutors`
  MODIFY `n` int(6) NOT NULL AUTO_INCREMENT;
--
-- AUTO_INCREMENT для таблицы `userlist`
--
ALTER TABLE `userlist`
  MODIFY `n` int(11) NOT NULL AUTO_INCREMENT, AUTO_INCREMENT=18;