
-- phpMyAdmin SQL Dump
-- version 3.5.2.2
-- http://www.phpmyadmin.net
--
-- Хост: localhost
-- Время создания: Ноя 05 2016 г., 00:51
-- Версия сервера: 10.0.20-MariaDB
-- Версия PHP: 5.2.17

SET SQL_MODE="NO_AUTO_VALUE_ON_ZERO";
SET time_zone = "+00:00";


/*!40101 SET @OLD_CHARACTER_SET_CLIENT=@@CHARACTER_SET_CLIENT */;
/*!40101 SET @OLD_CHARACTER_SET_RESULTS=@@CHARACTER_SET_RESULTS */;
/*!40101 SET @OLD_COLLATION_CONNECTION=@@COLLATION_CONNECTION */;
/*!40101 SET NAMES utf8 */;

--
-- База данных: `u992245470_pn`
--

-- --------------------------------------------------------

--
-- Структура таблицы `attend`
--

CREATE TABLE IF NOT EXISTS `attend` (
  `№` int(6) NOT NULL AUTO_INCREMENT,
  `id` varchar(6) NOT NULL,
  `year` int(4) NOT NULL,
  `month` int(2) NOT NULL,
  `days_att` text NOT NULL,
  `days_abs` text NOT NULL,
  `days` text NOT NULL,
  PRIMARY KEY (`№`)
) ENGINE=MyISAM  DEFAULT CHARSET=utf8 AUTO_INCREMENT=13 ;

--
-- Дамп данных таблицы `attend`
--

INSERT INTO `attend` (`№`, `id`, `year`, `month`, `days_att`, `days_abs`, `days`) VALUES
(1, 'N0i0k1', 2016, 2, '1-2,2-2,3-2,4-2,5-2,6-2,7-2,8-21112,9-211,10-2111,11-2111,12-1,13-2,14-2,15-2111,16-200,17-2111,18-2200,19-1,20-2,21-2,22-2000,23-2,24-2111,25-2111,26-1,27-2,28-2,29-2000', '8-21112,9-211,10-2111,11-2111,12-1,15-2111,16-200,17-2111,18-2200,19-1,22-2000,24-2111,25-2111,26-1,29-2000', '1-2,2-2,3-2,4-2,5-2,6-2,7-2,8-21112,9-211,10-2111,11-2110,12-1,13-2,14-2,15-2111,16-200,17-2111,18-2200,19-1,20-2,21-2,22-2000,23-200,24-2111,25-2111,26-1,27-2,28-2,29-2000'),
(2, 'B0r0o2', 2016, 2, '9-211,10-2111,11-2111,12,15-2111,16-201,17-2111,19,24-2111,25-2111,26,29-20112', '1-2,2-2,3-2,4-2,5-2,6-2,7-2,8-21112,9-211,10-2111,11-2110,12-1,13-2,14-2,15-2111,16-200,17-2111,18-2200,19-1,20-2,21-2,22-2000,23-2,24-2111,25-2111,26-1,27-2,28-2,29-2000', '1-2,2-2,3-2,4-2,5-2,6-2,7-2,8-21112,9-211,10-2111,11-2110,12-1,13-2,14-2,15-2111,16-200,17-2111,18-2200,19-1,20-2,21-2,22-2000,23-2,24-2111,25-2111,26-1,27-2,28-2,29-2000'),
(3, 'A0i0r3', 2016, 2, '8-21112,9-211,10-2111,11-2111,15-2111,16-211,17-2111,24-2111,25-2011', '1-2,2-2,3-2,4-2,5-2,6-2,7-2,8-21112,9-211,10-2111,11-2110,12-1,13-2,14-2,15-2111,16-200,17-2111,18-2200,19-1,20-2,21-2,22-2000,23-2,24-2111,25-2111,26-1,27-2,28-2,29-2000', '1-2,2-2,3-2,4-2,5-2,6-2,7-2,8-21112,9-211,10-2111,11-2110,12-1,13-2,14-2,15-2111,16-200,17-2111,18-2200,19-1,20-2,21-2,22-2000,23-2,24-2111,25-2111,26-1,27-2,28-2,29-2000'),
(4, 'N0i0k1', 2016, 3, '1-200', '', '1-200,2-2111,3-2202,4-122222,5-2,6-2,7-2,8-2,9-2111,10-2000,11-122222,12-2,13-2,14-2000,15-200,16-2111,17-2201,18-122222,19-2,20-2,21-20000,22-210,23-2000,24-2000,25-2,26-2,27-2,28-2000,29-211,30-2111,31-2200'),
(5, 'N0i0k1', 2016, 5, '1-2,2-2,3-2,4-2,5-2,6-2,7-2,8-2,9-2,10-2,11-2,12-2,13-2,14-2,15-2,16-2,17-2,18-2,19-2,20-2,21-2,22-2,23-2,24-2,25-2,26-2,27-2,28-2,29-2,30-2,31-2', '', '1-2,2-2,3-222,4-2111,5-2011,6-122222,7-2,8-2,9-2,10-200,11-2111,12-2201,13-122222,14-2,15-2,16-21112,17-200,18-2000,19-2000,20-2,21-2,22-2,23-2000,24-200,25-2,26-2,27-2,28-2,29-2,30-2,31-2'),
(6, 'B0r0o2', 2016, 3, '', '', '1-2,2-2,3-2,4-2,5-2,6-2,7-2,8-2,9-2,10-2,11-2,12-2,13-2,14-2,15-2,16-2,17-2,18-2,19-2,20-2,21-2,22-2,23-2,24-2,25-2,26-2,27-2,28-2,29-2,30-2,31-2'),
(7, 'A0i0r3', 2016, 3, '', '', '1-2,2-2,3-2,4-2,5-2,6-2,7-2,8-2,9-2,10-2,11-2,12-2,13-2,14-2,15-2,16-2,17-2,18-2,19-2,20-2,21-2,22-2,23-2,24-2,25-2,26-2,27-2,28-2,29-2,30-2,31-2'),
(8, 'N0i0k1', 2016, 4, '', '', '1-2,2-2,3-2,4-20000,5-200,6-2000,7-2000,8-2,9-2,10-2,11-2000,12-200,13-2211,14-2200,15-2,16-2,17-2,18-20000,19-200,20-2211,21-2000,22-2,23-2,24-2,25-2000,26-200,27-2111,28-2211,29-2,30-2,31-2'),
(9, 'B0r0o2', 2016, 4, '', '', '1-2,2-2,3-2,4-2,5-2,6-2,7-2,8-2,9-2,10-2,11-2,12-2,13-2,14-2,15-2,16-2,17-2,18-2,19-2,20-2,21-2,22-2,23-2,24-2,25-2,26-2,27-2,28-2,29-2,30-2,31-2'),
(10, 'A0i0r3', 2016, 4, '', '', '1-2,2-2,3-2,4-2,5-2,6-2,7-2,8-2,9-2,10-2,11-2,12-2,13-2,14-2,15-2,16-2,17-2,18-2,19-2,20-2,21-2,22-2,23-2,24-2,25-2,26-2,27-2,28-2,29-2,30-2,31-2'),
(11, 'B0r0o2', 2016, 5, '', '', '1-2,2-2,3-2,4-2,5-2,6-2,7-2,8-2,9-2,10-2,11-2,12-2,13-2,14-2,15-2,16-2,17-2,18-2,19-2,20-2,21-2,22-2,23-2,24-2,25-2,26-2,27-2,28-2,29-2,30-2,31-2'),
(12, 'A0i0r3', 2016, 5, '', '', '1-2,2-2,3-2,4-2,5-2,6-2,7-2,8-2,9-2,10-2,11-2,12-2211,13-2,14-2,15-2,16-2,17-2,18-2,19-2,20-2,21-2,22-2,23-2,24-2,25-2,26-2,27-2,28-2,29-2,30-2,31-2');

-- --------------------------------------------------------

--
-- Структура таблицы `schedule`
--

CREATE TABLE IF NOT EXISTS `schedule` (
  `№` int(3) NOT NULL AUTO_INCREMENT,
  `date1` varchar(10) NOT NULL,
  `date2` varchar(10) NOT NULL,
  `updown` varchar(2) NOT NULL,
  `mon` text NOT NULL,
  `tue` text NOT NULL,
  `wed` text NOT NULL,
  `thu` text NOT NULL,
  `fri` text NOT NULL,
  `sat` text NOT NULL,
  `sun` text NOT NULL,
  PRIMARY KEY (`№`)
) ENGINE=MyISAM  DEFAULT CHARSET=utf8 AUTO_INCREMENT=3 ;

--
-- Дамп данных таблицы `schedule`
--

INSERT INTO `schedule` (`№`, `date1`, `date2`, `updown`, `mon`, `tue`, `wed`, `thu`, `fri`, `sat`, `sun`) VALUES
(1, '2016-02-01', '2016-06-01', 'up', '2?Иностранный язык пр. Резникова С.Ю. 506;3?Основы статистического анализа(лекция) пр. Граецкая О.В. 504;4?Математические основы теории управления(лекция) пр. Шабаршина И.С. 507;5?Основы статистического анализа(лаб) Чусова Ю.С. 502', '2?Теоретическая механика(лекция) пр. Колесников А.М. 503;3?Материаловедение(лекция) пр. Свирская С.Н. 502', '2?Математические основы теории управления(практика) пр. Шабаршина И.С. 504;3?Математическое обеспечение системного анализа(лекция) пр. Шабаршина И.С. 711;4?Объектно-ориентированное программирование(лаб) пр. Шабаршина И.С. 608 ', '2?Иностранный язык пр. Резникова С.Ю. 506;3?Основы бизнеса и предпринимательства(лекция) пр. Граецкая О.В. 511;4?Математическое обеспечение системного анализа(практика) пр. Шабаршина И.С. 504', '1?ФВО;2?ФВО;3?ФВО;4?ФВО;5?ФВО;6?ФВО;7?ФВО;8?ФВО;9?ФВО;10?ФВО', '', ''),
(2, '2016-02-01', '2016-06-01', 'dn', '2?Иностранный язык пр. Резникова С.Ю. 506;3?Основы статистического анализа(практика) пр. Граецкая О.В. 504;4?Математические основы теории управления(лекция) пр. Шабаршина И.С. 507', '2?Теоретическая механика(практика) пр. Колесников А.М. 503;3?Материаловедение(практика) пр. Свирская С.Н. 502', '2?Математические основы теории управления(практика) пр. Шабаршина И.С. 504;3?Объектно-ориентированное программирование(лекция) пр. Шабаршина И.С. 711;4?Объектно-ориентированное программирование(лаб) пр. Шабаршина И.С. 608', '3?Основы бизнеса и предпринимательства(практика) пр. Граецкая О.В. 511;4?Математическое обеспечение системного анализа(практика) пр. Шабаршина И.С. 504', '1?ФВО;2?ФВО;3?ФВО;4?ФВО;5?ФВО;6?ФВО;7?ФВО;8?ФВО;9?ФВО;10?ФВО', '', '');

-- --------------------------------------------------------

--
-- Структура таблицы `semesters`
--

CREATE TABLE IF NOT EXISTS `semesters` (
  `№` int(3) NOT NULL AUTO_INCREMENT,
  `id` varchar(6) NOT NULL,
  `year` int(4) NOT NULL,
  `course` int(1) NOT NULL,
  `semester` int(2) NOT NULL,
  `start_mo` int(2) NOT NULL,
  `number_in_mo` text NOT NULL,
  PRIMARY KEY (`№`)
) ENGINE=MyISAM  DEFAULT CHARSET=utf8 AUTO_INCREMENT=4 ;

--
-- Дамп данных таблицы `semesters`
--

INSERT INTO `semesters` (`№`, `id`, `year`, `course`, `semester`, `start_mo`, `number_in_mo`) VALUES
(1, 'N0i0k1', 2016, 2, 4, 2, '29;31;30;31'),
(2, 'B0r0o2', 2016, 2, 4, 2, '29;31;30;31'),
(3, 'A0i0r3', 2016, 2, 4, 2, '29;31;30;31');

-- --------------------------------------------------------

--
-- Структура таблицы `userlist`
--

CREATE TABLE IF NOT EXISTS `userlist` (
  `№` int(3) NOT NULL AUTO_INCREMENT,
  `id` varchar(6) NOT NULL,
  `name` varchar(15) NOT NULL,
  `lastname` varchar(15) NOT NULL,
  `phone` varchar(12) NOT NULL,
  `mail` varchar(30) NOT NULL,
  `pass` varchar(20) NOT NULL,
  PRIMARY KEY (`№`)
) ENGINE=MyISAM  DEFAULT CHARSET=utf8 AUTO_INCREMENT=4 ;

--
-- Дамп данных таблицы `userlist`
--

INSERT INTO `userlist` (`№`, `id`, `name`, `lastname`, `phone`, `mail`, `pass`) VALUES
(1, 'N0i0k1', 'Никита', 'Подгорный', '+79281409719', 'flash-nikita@mail.ru', '58935fqv'),
(2, 'B0r0o2', 'Бронислав', 'Бильский', '', 'bro@mail.ru', 'passbro'),
(3, 'A0i0r3', 'Айрат', 'Утюшов', '', 'air@mail.ru', 'airpass');

/*!40101 SET CHARACTER_SET_CLIENT=@OLD_CHARACTER_SET_CLIENT */;
/*!40101 SET CHARACTER_SET_RESULTS=@OLD_CHARACTER_SET_RESULTS */;
/*!40101 SET COLLATION_CONNECTION=@OLD_COLLATION_CONNECTION */;
